{
  "1": {"diameter": 265.9800996557875, "min_x": -79.49984741210938, "min_y": -124.2697525024414, "min_z": -37.097900390625, "size_x": 158.99969482421875, "size_y": 248.5395050048828, "size_z": 74.19580078125},
  "2": {"diameter": 207.05603032881712, "min_x": -33.073974609375, "min_y": -101.3795166015625, "min_z": -33.4425048828125, "size_x": 66.14794921875, "size_y": 202.759033203125, "size_z": 66.885009765625}
}